subject_id,object_id,predicate_id,confidence,mapping_tool_id,comment
http://www.ontologydesignpatterns.org/cp/owl/sequence.owl#precedes,http://purl.obolibrary.org/obo/BFO_0000063,owl:equivalentClass,1,LogMap,
http://www.ontologydesignpatterns.org/cp/owl/collectionentity.owl#hasMember,http://purl.obolibrary.org/obo/RO_0002351,owl:equivalentClass,1,LogMap,
http://www.w3id.org/animl/ontology/units,http://qudt.org/schema/qudt#unit,owl:equivalentClass,0.953333333,LogMap,hasUnits is a property not class
http://www.w3id.org/animl/ontology/units,http://qudt.org/schema/qudt#unit,owl:equivalentClass,0.953333333,LogMap,hasUnits is a property not class
http://www.ontologydesignpatterns.org/cp/owl/collectionentity.owl#hasMember,http://purl.obolibrary.org/obo/RO_0002351,owl:equivalentClass,1,LogMap,
http://www.ontologydesignpatterns.org/cp/owl/sequence.owl#precedes,http://purl.obolibrary.org/obo/BFO_0000063,owl:equivalentClass,1,LogMap,
http://www.ontologydesignpatterns.org/cp/owl/bag.owl#size,http://purl.allotrope.org/ontologies/property#AFX_0000604,owl:equivalentClass,1,LogMap,
http://www.ontologydesignpatterns.org/cp/owl/bag.owl#size,http://purl.allotrope.org/ontologies/property#AFX_0000604,owl:equivalentClass,1,LogMap,
http://www.ontologydesignpatterns.org/cp/owl/bag.owl#Item,http://purl.allotrope.org/ontologies/common#AFC_0000161,owl:equivalentClass,0.505,LogMap,
http://www.w3id.org/animl/ontology/series,http://purl.allotrope.org/ontologies/common#AFC_0000162,owl:equivalentClass,0.703,LogMap,
http://www.ontologydesignpatterns.org/cp/owl/collectionentity.owl#Collection,http://purl.allotrope.org/ontologies/common#AFC_0000166,owl:equivalentClass,0.5,LogMap,Whilst correct the relationship is questionable
http://www.ontologydesignpatterns.org/cp/owl/bag.owl#Item,http://purl.allotrope.org/ontologies/common#AFC_0000167,owl:equivalentClass,0.703,LogMap,
http://www.w3id.org/animl/ontology/container,http://purl.allotrope.org/ontologies/equipment#AFE_0000407,owl:equivalentClass,0.5,LogMap,Whilst correct the relationship is questionable
http://www.w3id.org/animl/ontology/change,http://purl.allotrope.org/ontologies/function#AFFN_0000127,skos:relatedMatch,0.505,LogMap,AnIML represents the value of change where allotrope represents the concept of change
http://www.w3id.org/animl/ontology/change,http://purl.allotrope.org/ontologies/function#AFFN_0000136,skos:relatedMatch,0.703,LogMap,AnIML represents the value of change where allotrope represents the concept of change
http://www.ontologydesignpatterns.org/cp/owl/collectionentity.owl#Collection,http://purl.allotrope.org/ontologies/process#AFP_0003385,skos:relatedMatch,0.5,LogMap,Allotrope represents the process of collecting
http://www.w3id.org/animl/ontology/experiment,http://purl.allotrope.org/ontologies/process#AFP_0003735,owl:equivalentClass,0.703,LogMap,
http://www.w3id.org/animl/ontology/DataPoint,http://purl.allotrope.org/ontologies/result#AFR_0000186,owl:equivalentClass,0.703,LogMap,
http://www.w3id.org/animl/ontology/specification,http://purl.allotrope.org/ontologies/result#AFR_0000957,owl:equivalentClass,0.532,LogMap,
http://www.w3id.org/animl/ontology/parameterSpecification,http://purl.allotrope.org/ontologies/result#AFR_0000977,owl:equivalentClass,0.775,LogMap,
http://www.w3id.org/animl/ontology/method,http://purl.allotrope.org/ontologies/result#AFR_0001501,skos:relatedMatch,0.505,LogMap,
http://www.w3id.org/animl/ontology/specification,http://purl.allotrope.org/ontologies/result#AFR_0001532,skos:narrowMatch,0.811,LogMap,
http://www.w3id.org/animl/ontology/method,http://purl.allotrope.org/ontologies/result#AFR_0001606,partOf,0.505,LogMap,Allotrope only represents the name of the method
http://www.w3id.org/animl/ontology/ItemSpecification,http://purl.allotrope.org/ontologies/result#AFR_0001638,owl:equivalentClass,0.775,LogMap,
http://www.w3id.org/animl/ontology/signature,http://purl.allotrope.org/ontologies/result#AFR_0001963,owl:equivalentClass,0.505,LogMap,
http://www.w3id.org/animl/ontology/containerType,http://purl.allotrope.org/ontologies/result#AFR_0001987,owl:equivalentClass,0.703,LogMap,
http://www.w3id.org/animl/ontology/Reference,http://purl.allotrope.org/ontologies/result#AFR_0002008,owl:equivalentClass,0.505,LogMap,
http://www.w3id.org/animl/ontology/agent,http://purl.allotrope.org/ontologies/result#AFR_0003144,owl:equivalentClass,0.505,LogMap,
http://www.w3id.org/animl/ontology/role,http://purl.allotrope.org/ontologies/role#AFRL_0000012,skos:narrowMatch,0.703,LogMap,
http://www.w3id.org/animl/ontology/Parameter,http://purl.allotrope.org/ontologies/role#AFRL_0000019,owl:equivalentClass,0.703,LogMap,
http://www.w3id.org/animl/ontology/Reference,http://purl.allotrope.org/ontologies/role#AFRL_0000258,owl:equivalentClass,0.703,LogMap,
http://www.w3id.org/animl/ontology/sampleSet,http://purl.allotrope.org/ontologies/role#AFRL_0000371,owl:equivalentClass,0.703,LogMap,
http://www.w3id.org/animl/ontology/signature,http://purl.allotrope.org/ontologies/role#AFRL_0000438,owl:equivalentClass,0.703,LogMap,
http://www.w3id.org/animl/ontology/agent,http://purl.allotrope.org/ontologies/role#AFRL_0000448,owl:equivalentClass,0.703,LogMap,
http://www.w3id.org/animl/ontology/Parameter,http://purl.allotrope.org/ontologies/role#AFRL_0000478,skos:broadMatch,0.505,LogMap,Allotrope represents a parameter in a mathematical sense
http://www.w3id.org/animl/ontology/function,http://purl.obolibrary.org/obo/BFO_0000034,owl:equivalentClass,0.505,LogMap,
http://www.w3id.org/animl/ontology/document,http://purl.obolibrary.org/obo/IAO_0000310,owl:equivalentClass,0.703,LogMap,
http://www.w3id.org/animl/ontology/units,http://qudt.org/schema/qudt#Unit,owl:equivalentClass,0.703,LogMap,
http://www.w3id.org/animl/ontology/agent,http://purl.allotrope.org/ontologies/result#AFR_0003144,owl:equivalentClass,0.505,LogMap,
http://www.w3id.org/animl/ontology/agent,http://purl.allotrope.org/ontologies/role#AFRL_0000448,owl:equivalentClass,0.703,LogMap,
http://www.w3id.org/animl/ontology/change,http://purl.allotrope.org/ontologies/function#AFFN_0000127,skos:relatedMatch,0.505,LogMap,AnIML represents the value of change where allotrope represents the concept of change
http://www.w3id.org/animl/ontology/change,http://purl.allotrope.org/ontologies/function#AFFN_0000136,skos:relatedMatch,0.703,LogMap,AnIML represents the value of change where allotrope represents the concept of change
http://www.w3id.org/animl/ontology/containerType,http://purl.allotrope.org/ontologies/result#AFR_0001987,owl:equivalentClass,0.703,LogMap,
http://www.w3id.org/animl/ontology/DataPoint,http://purl.allotrope.org/ontologies/result#AFR_0000186,owl:equivalentClass,0.703,LogMap,
http://www.w3id.org/animl/ontology/document,http://purl.obolibrary.org/obo/IAO_0000310,owl:equivalentClass,0.703,LogMap,
http://www.w3id.org/animl/ontology/experiment,http://purl.allotrope.org/ontologies/process#AFP_0003735,owl:equivalentClass,0.703,LogMap,
http://www.w3id.org/animl/ontology/function,http://purl.obolibrary.org/obo/BFO_0000034,owl:equivalentClass,0.505,LogMap,
http://www.w3id.org/animl/ontology/method,http://purl.allotrope.org/ontologies/result#AFR_0001501,skos:relatedMatch,0.505,LogMap,
http://www.w3id.org/animl/ontology/method,http://purl.allotrope.org/ontologies/result#AFR_0001606,skos:narrowMatch,0.505,LogMap,
http://www.w3id.org/animl/ontology/Parameter,http://purl.allotrope.org/ontologies/role#AFRL_0000019,owl:equivalentClass,0.703,LogMap,
http://www.w3id.org/animl/ontology/Parameter,http://purl.allotrope.org/ontologies/role#AFRL_0000478,skos:broadMatch,0.505,LogMap,Allotrope represents a parameter in a mathematical sense
http://www.w3id.org/animl/ontology/parameterSpecification,http://purl.allotrope.org/ontologies/result#AFR_0000977,owl:equivalentClass,0.775,LogMap,
http://www.w3id.org/animl/ontology/Reference,http://purl.allotrope.org/ontologies/result#AFR_0002008,owl:equivalentClass,0.505,LogMap,
http://www.w3id.org/animl/ontology/Reference,http://purl.allotrope.org/ontologies/role#AFRL_0000258,owl:equivalentClass,0.703,LogMap,
http://www.w3id.org/animl/ontology/sampleSet,http://purl.allotrope.org/ontologies/role#AFRL_0000371,owl:equivalentClass,0.703,LogMap,
http://www.w3id.org/animl/ontology/series,http://purl.allotrope.org/ontologies/common#AFC_0000162,owl:equivalentClass,0.703,LogMap,
http://www.w3id.org/animl/ontology/signature,http://purl.allotrope.org/ontologies/result#AFR_0001963,owl:equivalentClass,0.505,LogMap,
http://www.w3id.org/animl/ontology/signature,http://purl.allotrope.org/ontologies/role#AFRL_0000438,owl:equivalentClass,0.703,LogMap,
http://www.w3id.org/animl/ontology/specification,http://purl.allotrope.org/ontologies/result#AFR_0000957,owl:equivalentClass,0.532,LogMap,
http://www.w3id.org/animl/ontology/specification,http://purl.allotrope.org/ontologies/result#AFR_0001532,skos:narrowMatch,0.811,LogMap,
http://www.w3id.org/animl/ontology/units,http://qudt.org/schema/qudt#Unit,owl:equivalentClass,0.703,LogMap,
http://www.ontologydesignpatterns.org/cp/owl/bag.owl#Item,http://purl.allotrope.org/ontologies/common#AFC_0000161,owl:equivalentClass,0.505,LogMap,
http://www.ontologydesignpatterns.org/cp/owl/bag.owl#Item,http://purl.allotrope.org/ontologies/common#AFC_0000167,skos:broadMatch,0.703,LogMap,
http://www.w3id.org/animl/ontology/agent,http://purl.allotrope.org/ontologies/role#AFRL_0000448,owl:equivalentClass,1,BERTmap,
http://www.w3id.org/animl/ontology/agent,http://purl.allotrope.org/ontologies/role#AFRL_0000095,owl:equivalentClass,1,BERTmap,
http://www.w3id.org/animl/ontology/agent,http://purl.allotrope.org/ontologies/result#AFR_0003144,owl:equivalentClass,1,BERTmap,
http://www.w3id.org/animl/ontology/change,http://purl.allotrope.org/ontologies/function#AFFN_0000136,skos:relatedMatch,0.9991700649261475,BERTmap,AnIML represents the value of change where allotrope represents the concept of change
http://www.w3id.org/animl/ontology/change,http://purl.allotrope.org/ontologies/function#AFFN_0000127,skos:relatedMatch,0.9983247518539429,BERTmap,AnIML represents the value of change where allotrope represents the concept of change
http://www.w3id.org/animl/ontology/change,http://purl.allotrope.org/ontologies/process#AFP_0003816,skos:relatedMatch,0.9974251985549927,BERTmap,AnIML represents the value of change where allotrope represents the concept of change
http://www.w3id.org/animl/ontology/container,http://purl.allotrope.org/ontologies/equipment#AFE_0000407,owl:equivalentClass,1,BERTmap,
http://www.w3id.org/animl/ontology/containerType,http://purl.allotrope.org/ontologies/result#AFR_0001987,owl:equivalentClass,0.9985504746437073,BERTmap,
http://www.w3id.org/animl/ontology/DataPoint,http://purl.allotrope.org/ontologies/result#AFR_0000186,owl:equivalentClass,0.9932571649551392,BERTmap,
http://www.w3id.org/animl/ontology/experiment,http://purl.allotrope.org/ontologies/process#AFP_0003735,owl:equivalentClass,1,BERTmap,
http://www.w3id.org/animl/ontology/method,http://purl.allotrope.org/ontologies/result#AFR_0001501,skos:relatedMatch,1,BERTmap,
http://www.w3id.org/animl/ontology/Parameter,http://purl.allotrope.org/ontologies/role#AFRL_0000019,owl:equivalentClass,1,BERTmap,
http://www.w3id.org/animl/ontology/Parameter,http://purl.allotrope.org/ontologies/role#AFRL_0000478,skos:broadMatch,1,BERTmap,Allotrope represents a parameter in a mathematical sense
http://www.w3id.org/animl/ontology/result,http://purl.allotrope.org/ontologies/result#AFR_0000207,skos:narrowMatch,1,BERTmap,
http://www.w3id.org/animl/ontology/result,http://purl.allotrope.org/ontologies/result#AFR_0002011,owl:equivalentClass,1,BERTmap,
http://www.w3id.org/animl/ontology/result,http://purl.allotrope.org/ontologies/role#AFRL_0000299,owl:equivalentClass,1,BERTmap,
http://www.w3id.org/animl/ontology/result,http://purl.allotrope.org/ontologies/role#AFRL_0000043,owl:equivalentClass,1,BERTmap,
http://www.w3id.org/animl/ontology/role,http://purl.allotrope.org/ontologies/result#AFR_0000979,owl:equivalentClass,0.9723528027534485,BERTmap,
http://www.w3id.org/animl/ontology/sample,http://purl.allotrope.org/ontologies/role#AFRL_0000508,owl:equivalentClass,1,BERTmap,
http://www.w3id.org/animl/ontology/series,http://purl.allotrope.org/ontologies/common#AFC_0000162,owl:equivalentClass,1,BERTmap,
http://www.w3id.org/animl/ontology/signature,http://purl.allotrope.org/ontologies/role#AFRL_0000438,owl:equivalentClass,1,BERTmap,
http://www.w3id.org/animl/ontology/signature,http://purl.allotrope.org/ontologies/result#AFR_0001963,owl:equivalentClass,1,BERTmap,
http://www.w3id.org/animl/ontology/specification,http://purl.allotrope.org/ontologies/role#AFRL_0000064,owl:equivalentClass,1,BERTmap,
http://www.w3id.org/animl/ontology/specification,http://purl.allotrope.org/ontologies/result#AFR_0000957,owl:equivalentClass,1,BERTmap,
http://www.w3id.org/animl/ontology/units,http://qudt.org/schema/qudt#SystemOfUnits,owl:equivalentClass,0.9970190525054932,BERTmap,
http://www.w3id.org/animl/ontology/specification,http://purl.allotrope.org/ontologies/result#AFR_0000957,owl:equivalentClass,1.000000238,DistMult,
http://www.w3id.org/animl/ontology/signature,http://purl.allotrope.org/ontologies/result#AFR_0001963,owl:equivalentClass,1.000000238,DistMult,
http://www.w3id.org/animl/ontology/Reference,http://purl.allotrope.org/ontologies/result#AFR_0002008,owl:equivalentClass,1.000000119209289,DistMult,
http://www.w3id.org/animl/ontology/function,http://purl.obolibrary.org/obo/BFO_0000034,owl:equivalentClass,1.000000119209289,DistMult,
http://www.w3id.org/animl/ontology/experiment,http://purl.allotrope.org/ontologies/process#AFP_0003735,owl:equivalentClass,1.000000119209289,DistMult,
http://www.w3id.org/animl/ontology/agent,http://purl.allotrope.org/ontologies/result#AFR_0003144,owl:equivalentClass,1.000000119209289,DistMult,
http://www.w3id.org/animl/ontology/role,http://purl.obolibrary.org/obo/BFO_0000023,owl:equivalentClass,1,DistMult,
http://www.w3id.org/animl/ontology/document,http://purl.obolibrary.org/obo/IAO_0000310,owl:equivalentClass,1,DistMult,
http://www.w3id.org/animl/ontology/series,http://purl.allotrope.org/ontologies/common#AFC_0000162,owl:equivalentClass,0.99999994,DistMult,
http://www.w3id.org/animl/ontology/container,http://purl.allotrope.org/ontologies/equipment#AFE_0000407,owl:equivalentClass,0.999999881,DistMult,
http://www.w3id.org/animl/ontology/ItemSpecification,http://purl.allotrope.org/ontologies/result#AFR_0002508,owl:equivalentClass,0.70835644,DistMult,
http://www.w3id.org/animl/ontology/Parameter,http://purl.allotrope.org/ontologies/role#AFRL_0000019,owl:equivalentClass,0.68071425,DistMult,
http://www.w3id.org/animl/ontology/series,http://purl.allotrope.org/ontologies/common#AFC_0000162,owl:equivalentClass,1.000000238,TransD,
http://www.w3id.org/animl/ontology/agent,http://purl.allotrope.org/ontologies/result#AFR_0003144,owl:equivalentClass,1.000000238,TransD,
http://www.w3id.org/animl/ontology/signature,http://purl.allotrope.org/ontologies/result#AFR_0001963,owl:equivalentClass,1.000000119209289,TransD,
http://www.w3id.org/animl/ontology/container,http://purl.allotrope.org/ontologies/equipment#AFE_0000407,owl:equivalentClass,1.000000119209289,TransD,
http://www.w3id.org/animl/ontology/specification,http://purl.allotrope.org/ontologies/result#AFR_0000957,owl:equivalentClass,1,TransD,
http://www.w3id.org/animl/ontology/role,http://purl.obolibrary.org/obo/BFO_0000023,owl:equivalentClass,1,TransD,
http://www.w3id.org/animl/ontology/experiment,http://purl.allotrope.org/ontologies/process#AFP_0003735,owl:equivalentClass,1,TransD,
http://www.w3id.org/animl/ontology/document,http://purl.obolibrary.org/obo/IAO_0000310,owl:equivalentClass,1,TransD,
http://www.w3id.org/animl/ontology/function,http://purl.obolibrary.org/obo/BFO_0000034,owl:equivalentClass,0.99999994,TransD,
http://www.w3id.org/animl/ontology/Reference,http://purl.allotrope.org/ontologies/result#AFR_0002008,owl:equivalentClass,0.999999881,TransD,
http://www.w3id.org/animl/ontology/Parameter,http://purl.allotrope.org/ontologies/role#AFRL_0000019,owl:equivalentClass,0.701875925,TransD,
http://www.w3id.org/animl/ontology/specification,http://purl.allotrope.org/ontologies/result#AFR_0000957,owl:equivalentClass,1.000000476837158,TransE,
http://www.w3id.org/animl/ontology/experiment,http://purl.allotrope.org/ontologies/process#AFP_0003735,owl:equivalentClass,1.000000119209289,TransE,
http://www.w3id.org/animl/ontology/signature,http://purl.allotrope.org/ontologies/result#AFR_0001963,owl:equivalentClass,1,TransE,
http://www.w3id.org/animl/ontology/series,http://purl.allotrope.org/ontologies/common#AFC_0000162,owl:equivalentClass,1,TransE,
http://www.w3id.org/animl/ontology/Reference,http://purl.allotrope.org/ontologies/result#AFR_0002008,owl:equivalentClass,1,TransE,
http://www.w3id.org/animl/ontology/container,http://purl.allotrope.org/ontologies/equipment#AFE_0000407,owl:equivalentClass,1,TransE,
http://www.w3id.org/animl/ontology/agent,http://purl.allotrope.org/ontologies/result#AFR_0003144,owl:equivalentClass,1,TransE,
http://www.w3id.org/animl/ontology/role,http://purl.obolibrary.org/obo/BFO_0000023,owl:equivalentClass,0.99999994,TransE,
http://www.w3id.org/animl/ontology/function,http://purl.obolibrary.org/obo/BFO_0000034,owl:equivalentClass,0.999999881,TransE,
http://www.w3id.org/animl/ontology/document,http://purl.obolibrary.org/obo/IAO_0000310,owl:equivalentClass,0.999999821,TransE,
http://www.w3id.org/animl/ontology/Reference,http://purl.allotrope.org/ontologies/result#AFR_0002008,owl:equivalentClass,1.000000357627868,CompGCN,
http://www.w3id.org/animl/ontology/specification,http://purl.allotrope.org/ontologies/result#AFR_0000957,owl:equivalentClass,1.000000119209289,CompGCN,
http://www.w3id.org/animl/ontology/signature,http://purl.allotrope.org/ontologies/result#AFR_0001963,owl:equivalentClass,1.000000119209289,CompGCN,
http://www.w3id.org/animl/ontology/role,http://purl.obolibrary.org/obo/BFO_0000023,owl:equivalentClass,1.000000119209289,CompGCN,
http://www.w3id.org/animl/ontology/experiment,http://purl.allotrope.org/ontologies/process#AFP_0003735,owl:equivalentClass,1.000000119209289,CompGCN,
http://www.w3id.org/animl/ontology/document,http://purl.obolibrary.org/obo/IAO_0000310,owl:equivalentClass,0.999999881,CompGCN,
http://www.w3id.org/animl/ontology/container,http://purl.allotrope.org/ontologies/equipment#AFE_0000407,owl:equivalentClass,0.999999881,CompGCN,
http://www.w3id.org/animl/ontology/agent,http://purl.allotrope.org/ontologies/result#AFR_0003144,owl:equivalentClass,0.999999881,CompGCN,
http://www.w3id.org/animl/ontology/series,http://purl.allotrope.org/ontologies/common#AFC_0000162,owl:equivalentClass,0.999999821,CompGCN,
http://www.w3id.org/animl/ontology/function,http://purl.obolibrary.org/obo/BFO_0000034,owl:equivalentClass,0.999999821,CompGCN,
http://www.w3id.org/animl/ontology/ItemSpecification,http://purl.allotrope.org/ontologies/result#AFR_0001285,owl:equivalentClass,0.726136148,CompGCN,
http://www.w3id.org/animl/ontology/series,http://purl.allotrope.org/ontologies/common#AFC_0000162,owl:equivalentClass,1.000000357627868,ConvE,
http://www.w3id.org/animl/ontology/document,http://purl.obolibrary.org/obo/IAO_0000310,owl:equivalentClass,1.000000238,ConvE,
http://www.w3id.org/animl/ontology/Reference,http://purl.allotrope.org/ontologies/result#AFR_0002008,owl:equivalentClass,1.000000119209289,ConvE,
http://www.w3id.org/animl/ontology/container,http://purl.allotrope.org/ontologies/equipment#AFE_0000407,owl:equivalentClass,1.000000119209289,ConvE,
http://www.w3id.org/animl/ontology/specification,http://purl.allotrope.org/ontologies/result#AFR_0000957,owl:equivalentClass,1,ConvE,
http://www.w3id.org/animl/ontology/function,http://purl.obolibrary.org/obo/BFO_0000034,owl:equivalentClass,1,ConvE,
http://www.w3id.org/animl/ontology/role,http://purl.obolibrary.org/obo/BFO_0000023,owl:equivalentClass,0.99999994,ConvE,
http://www.w3id.org/animl/ontology/agent,http://purl.allotrope.org/ontologies/result#AFR_0003144,owl:equivalentClass,0.99999994,ConvE,
http://www.w3id.org/animl/ontology/experiment,http://purl.allotrope.org/ontologies/process#AFP_0003735,owl:equivalentClass,0.999999702,ConvE,
http://www.w3id.org/animl/ontology/signature,http://purl.allotrope.org/ontologies/result#AFR_0001963,owl:equivalentClass,0.999999344,ConvE,
